ticker,slug,name,sector,currency,indices,kind,rows,start_date,end_date,last_close,interval,file,updated_at
AAPL,AAPL,Apple,Technologie,USD,"S&P 500, Nasdaq 100",stock,501,2024-08-20,2026-08-19,316.830000,1d,AAPL.csv,2026-08-20T19:53:10+00:00
ABBV,ABBV,AbbVie,Sante,USD,S&P 500,stock,500,2024-08-20,2026-08-19,265.970000,1d,ABBV.csv,2026-08-20T19:53:16+00:00
ABNB,ABNB,Airbnb,Consommation discretionnaire,USD,"S&P 500, Nasdaq 100",stock,501,2024-08-20,2026-08-19,186.390000,1d,ABNB.csv,2026-08-20T19:53:13+00:00
ABT,ABT,Abbott Laboratories,Sante,USD,S&P 500,stock,501,2024-08-20,2026-08-19,114.430000,1d,ABT.csv,2026-08-20T19:53:16+00:00
AC.PA,AC_PA,Accor,Consommation discretionnaire,EUR,CAC 40,stock,509,2024-08-20,2026-08-19,45.580000,1d,AC_PA.csv,2026-08-20T19:53:19+00:00
ACA.PA,ACA_PA,Credit Agricole,Finance,EUR,CAC 40,stock,509,2024-08-20,2026-08-19,19.165000,1d,ACA_PA.csv,2026-08-20T19:53:21+00:00
ACN,ACN,Accenture,Technologie,USD,S&P 500,stock,501,2024-08-20,2026-08-19,183.170000,1d,ACN.csv,2026-08-20T19:53:18+00:00
ADBE,ADBE,Adobe,Technologie,USD,"S&P 500, Nasdaq 100",stock,501,2024-08-20,2026-08-19,272.470000,1d,ADBE.csv,2026-08-20T19:53:11+00:00
ADP,ADP,Automatic Data Processing,Industrie,USD,"S&P 500, Nasdaq 100",stock,501,2024-08-20,2026-08-19,277.220000,1d,ADP.csv,2026-08-20T19:53:14+00:00
AI.PA,AI_PA,Air Liquide,Materiaux,EUR,CAC 40,stock,509,2024-08-20,2026-08-19,166.780000,1d,AI_PA.csv,2026-08-20T19:53:19+00:00
AIR.PA,AIR_PA,Airbus,Industrie,EUR,CAC 40,stock,509,2024-08-20,2026-08-19,208.050000,1d,AIR_PA.csv,2026-08-20T19:53:19+00:00
ALO.PA,ALO_PA,Alstom,Industrie,EUR,CAC 40,stock,509,2024-08-20,2026-08-19,15.875000,1d,ALO_PA.csv,2026-08-20T19:53:20+00:00
AMAT,AMAT,Applied Materials,Technologie,USD,"S&P 500, Nasdaq 100",stock,501,2024-08-20,2026-08-19,496.170000,1d,AMAT.csv,2026-08-20T19:53:12+00:00
AMD,AMD,Advanced Micro Devices,Technologie,USD,"S&P 500, Nasdaq 100",stock,501,2024-08-20,2026-08-19,466.420000,1d,AMD.csv,2026-08-20T19:53:11+00:00
AMGN,AMGN,Amgen,Sante,USD,"S&P 500, Nasdaq 100",stock,501,2024-08-20,2026-08-19,442.360000,1d,AMGN.csv,2026-08-20T19:53:14+00:00
AMZN,AMZN,Amazon.com,Consommation discretionnaire,USD,"S&P 500, Nasdaq 100",stock,501,2024-08-20,2026-08-19,265.840000,1d,AMZN.csv,2026-08-20T19:53:11+00:00
ASML,ASML,ASML Holding (ADR),Technologie,USD,Nasdaq 100,stock,501,2024-08-20,2026-08-19,1751.730000,1d,ASML.csv,2026-08-20T19:53:14+00:00
AVGO,AVGO,Broadcom,Technologie,USD,"S&P 500, Nasdaq 100",stock,501,2024-08-20,2026-08-19,362.480000,1d,AVGO.csv,2026-08-20T19:53:11+00:00
AXP,AXP,American Express,Finance,USD,S&P 500,stock,500,2024-08-21,2026-08-19,339.900000,1d,AXP.csv,2026-08-20T21:01:28+00:00
BA,BA,Boeing,Industrie,USD,S&P 500,stock,501,2024-08-20,2026-08-19,222.200000,1d,BA.csv,2026-08-20T19:53:18+00:00
BAC,BAC,Bank of America,Finance,USD,S&P 500,stock,501,2024-08-20,2026-08-19,63.170000,1d,BAC.csv,2026-08-20T19:53:15+00:00
BKNG,BKNG,Booking Holdings,Consommation discretionnaire,USD,"S&P 500, Nasdaq 100",stock,501,2024-08-20,2026-08-19,213.000000,1d,BKNG.csv,2026-08-20T19:53:13+00:00
BLK,BLK,BlackRock,Finance,USD,S&P 500,stock,501,2024-08-20,2026-08-19,1158.920000,1d,BLK.csv,2026-08-20T19:53:15+00:00
BN.PA,BN_PA,Danone,Consommation de base,EUR,CAC 40,stock,509,2024-08-20,2026-08-19,65.680000,1d,BN_PA.csv,2026-08-20T19:53:21+00:00
BNP.PA,BNP_PA,BNP Paribas,Finance,EUR,CAC 40,stock,509,2024-08-20,2026-08-19,106.780000,1d,BNP_PA.csv,2026-08-20T19:53:20+00:00
BRK-B,BRK-B,Berkshire Hathaway (B),Finance,USD,S&P 500,stock,501,2024-08-20,2026-08-19,499.620000,1d,BRK-B.csv,2026-08-20T19:53:15+00:00
BVI.PA,BVI_PA,Bureau Veritas,Industrie,EUR,CAC 40,stock,509,2024-08-20,2026-08-19,27.440000,1d,BVI_PA.csv,2026-08-20T19:53:20+00:00
CA.PA,CA_PA,Carrefour,Consommation de base,EUR,CAC 40,stock,509,2024-08-20,2026-08-19,15.770000,1d,CA_PA.csv,2026-08-20T19:53:21+00:00
CAP.PA,CAP_PA,Capgemini,Technologie,EUR,CAC 40,stock,509,2024-08-20,2026-08-19,110.350000,1d,CAP_PA.csv,2026-08-20T19:53:20+00:00
CAT,CAT,Caterpillar,Industrie,USD,S&P 500,stock,501,2024-08-20,2026-08-19,816.150000,1d,CAT.csv,2026-08-20T19:53:18+00:00
CDNS,CDNS,Cadence Design Systems,Technologie,USD,"S&P 500, Nasdaq 100",stock,501,2024-08-20,2026-08-19,314.980000,1d,CDNS.csv,2026-08-20T19:53:12+00:00
CL,CL,Colgate-Palmolive,Consommation de base,USD,S&P 500,stock,500,2024-08-21,2026-08-19,90.870000,1d,CL.csv,2026-08-20T21:01:28+00:00
COST,COST,Costco Wholesale,Consommation de base,USD,"S&P 500, Nasdaq 100",stock,501,2024-08-20,2026-08-19,956.990000,1d,COST.csv,2026-08-20T19:53:13+00:00
CRM,CRM,Salesforce,Technologie,USD,S&P 500,stock,501,2024-08-20,2026-08-19,206.090000,1d,CRM.csv,2026-08-20T19:53:18+00:00
CRWD,CRWD,CrowdStrike,Technologie,USD,"S&P 500, Nasdaq 100",stock,501,2024-08-20,2026-08-19,201.630000,1d,CRWD.csv,2026-08-20T19:53:13+00:00
CS.PA,CS_PA,AXA,Finance,EUR,CAC 40,stock,509,2024-08-20,2026-08-19,43.980000,1d,CS_PA.csv,2026-08-20T19:53:20+00:00
CSCO,CSCO,Cisco Systems,Technologie,USD,"S&P 500, Nasdaq 100",stock,501,2024-08-20,2026-08-19,110.550000,1d,CSCO.csv,2026-08-20T19:53:11+00:00
CVS,CVS,CVS Health,Sante,USD,S&P 500,stock,500,2024-08-21,2026-08-19,93.650000,1d,CVS.csv,2026-08-20T21:01:28+00:00
CVX,CVX,Chevron,Energie,USD,S&P 500,stock,501,2024-08-20,2026-08-19,205.760000,1d,CVX.csv,2026-08-20T19:53:17+00:00
DG.PA,DG_PA,Vinci,Industrie,EUR,CAC 40,stock,509,2024-08-20,2026-08-19,120.350000,1d,DG_PA.csv,2026-08-20T19:53:24+00:00
DIS,DIS,Walt Disney,Communication,USD,S&P 500,stock,501,2024-08-20,2026-08-19,106.930000,1d,DIS.csv,2026-08-20T19:53:18+00:00
DSY.PA,DSY_PA,Dassault Systemes,Technologie,EUR,CAC 40,stock,509,2024-08-20,2026-08-19,22.240000,1d,DSY_PA.csv,2026-08-20T19:53:21+00:00
EDEN.PA,EDEN_PA,Edenred,Industrie,EUR,CAC 40,stock,509,2024-08-20,2026-08-19,29.060000,1d,EDEN_PA.csv,2026-08-20T19:53:21+00:00
EL.PA,EL_PA,EssilorLuxottica,Sante,EUR,CAC 40,stock,509,2024-08-20,2026-08-19,163.450000,1d,EL_PA.csv,2026-08-20T19:53:21+00:00
EN.PA,EN_PA,Bouygues,Industrie,EUR,CAC 40,stock,509,2024-08-20,2026-08-19,46.700000,1d,EN_PA.csv,2026-08-20T19:53:20+00:00
ENGI.PA,ENGI_PA,Engie,Services aux collectivites,EUR,CAC 40,stock,509,2024-08-20,2026-08-19,25.360000,1d,ENGI_PA.csv,2026-08-20T19:53:21+00:00
ERF.PA,ERF_PA,Eurofins Scientific,Sante,EUR,CAC 40,stock,509,2024-08-20,2026-08-19,70.660000,1d,ERF_PA.csv,2026-08-20T19:53:21+00:00
F,F,Ford Motor,Consommation discretionnaire,USD,S&P 500,stock,500,2024-08-21,2026-08-19,14.500000,1d,F.csv,2026-08-20T21:01:28+00:00
FDX,FDX,FedEx,Industrie,USD,S&P 500,stock,500,2024-08-21,2026-08-19,328.380000,1d,FDX.csv,2026-08-20T21:01:28+00:00
GE,GE,GE Aerospace,Industrie,USD,S&P 500,stock,501,2024-08-20,2026-08-19,356.230000,1d,GE.csv,2026-08-20T19:53:19+00:00
GILD,GILD,Gilead Sciences,Sante,USD,"S&P 500, Nasdaq 100",stock,501,2024-08-20,2026-08-19,147.600000,1d,GILD.csv,2026-08-20T19:53:14+00:00
GLE.PA,GLE_PA,Societe Generale,Finance,EUR,CAC 40,stock,509,2024-08-20,2026-08-19,77.020000,1d,GLE_PA.csv,2026-08-20T19:53:23+00:00
GM,GM,General Motors,Consommation discretionnaire,USD,S&P 500,stock,500,2024-08-21,2026-08-19,84.960000,1d,GM.csv,2026-08-20T21:01:28+00:00
GOOGL,GOOGL,Alphabet (classe A),Communication,USD,"S&P 500, Nasdaq 100",stock,501,2024-08-20,2026-08-19,344.720000,1d,GOOGL.csv,2026-08-20T19:53:11+00:00
GS,GS,Goldman Sachs,Finance,USD,S&P 500,stock,501,2024-08-20,2026-08-19,1021.650000,1d,GS.csv,2026-08-20T19:53:15+00:00
HD,HD,Home Depot,Consommation discretionnaire,USD,S&P 500,stock,501,2024-08-20,2026-08-19,344.300000,1d,HD.csv,2026-08-20T19:53:17+00:00
HO.PA,HO_PA,Thales,Industrie,EUR,CAC 40,stock,509,2024-08-20,2026-08-19,259.800000,1d,HO_PA.csv,2026-08-20T19:53:24+00:00
HON,HON,Honeywell International,Industrie,USD,"S&P 500, Nasdaq 100",stock,501,2024-08-20,2026-08-19,221.730000,1d,HON.csv,2026-08-20T19:53:14+00:00
IBM,IBM,IBM,Technologie,USD,S&P 500,stock,501,2024-08-20,2026-08-19,237.160000,1d,IBM.csv,2026-08-20T19:53:18+00:00
INTC,INTC,Intel,Technologie,USD,"S&P 500, Nasdaq 100",stock,501,2024-08-20,2026-08-19,92.800000,1d,INTC.csv,2026-08-20T19:53:11+00:00
INTU,INTU,Intuit,Technologie,USD,"S&P 500, Nasdaq 100",stock,501,2024-08-20,2026-08-19,362.470000,1d,INTU.csv,2026-08-20T19:53:12+00:00
ISRG,ISRG,Intuitive Surgical,Sante,USD,"S&P 500, Nasdaq 100",stock,501,2024-08-20,2026-08-19,397.720000,1d,ISRG.csv,2026-08-20T19:53:14+00:00
JNJ,JNJ,Johnson & Johnson,Sante,USD,S&P 500,stock,501,2024-08-20,2026-08-19,273.410000,1d,JNJ.csv,2026-08-20T19:53:16+00:00
JPM,JPM,JPMorgan Chase,Finance,USD,S&P 500,stock,501,2024-08-20,2026-08-19,357.260000,1d,JPM.csv,2026-08-20T19:53:15+00:00
KER.PA,KER_PA,Kering,Consommation discretionnaire,EUR,CAC 40,stock,509,2024-08-20,2026-08-19,260.050000,1d,KER_PA.csv,2026-08-20T19:53:22+00:00
KLAC,KLAC,KLA Corporation,Technologie,USD,"S&P 500, Nasdaq 100",stock,501,2024-08-20,2026-08-19,187.270000,1d,KLAC.csv,2026-08-20T19:53:12+00:00
KO,KO,Coca-Cola,Consommation de base,USD,S&P 500,stock,501,2024-08-20,2026-08-19,90.350000,1d,KO.csv,2026-08-20T19:53:17+00:00
LIN,LIN,Linde,Materiaux,USD,S&P 500,stock,501,2024-08-20,2026-08-19,481.130000,1d,LIN.csv,2026-08-20T19:53:19+00:00
LLY,LLY,Eli Lilly,Sante,USD,S&P 500,stock,501,2024-08-20,2026-08-19,1280.340000,1d,LLY.csv,2026-08-20T19:53:15+00:00
LOW,LOW,Lowe's Companies,Consommation discretionnaire,USD,S&P 500,stock,501,2024-08-20,2026-08-19,220.000000,1d,LOW.csv,2026-08-20T19:53:17+00:00
LR.PA,LR_PA,Legrand,Industrie,EUR,CAC 40,stock,509,2024-08-20,2026-08-19,134.850000,1d,LR_PA.csv,2026-08-20T19:53:22+00:00
LRCX,LRCX,Lam Research,Technologie,USD,"S&P 500, Nasdaq 100",stock,501,2024-08-20,2026-08-19,307.170000,1d,LRCX.csv,2026-08-20T19:53:12+00:00
MA,MA,Mastercard,Finance,USD,S&P 500,stock,501,2024-08-20,2026-08-19,573.720000,1d,MA.csv,2026-08-20T19:53:15+00:00
MC.PA,MC_PA,LVMH,Consommation discretionnaire,EUR,CAC 40,stock,509,2024-08-20,2026-08-19,456.000000,1d,MC_PA.csv,2026-08-20T19:53:22+00:00
MCD,MCD,McDonald's,Consommation discretionnaire,USD,S&P 500,stock,501,2024-08-20,2026-08-19,267.450000,1d,MCD.csv,2026-08-20T19:53:17+00:00
MDLZ,MDLZ,Mondelez International,Consommation de base,USD,"S&P 500, Nasdaq 100",stock,501,2024-08-20,2026-08-19,64.160000,1d,MDLZ.csv,2026-08-20T19:53:13+00:00
MELI,MELI,MercadoLibre,Consommation discretionnaire,USD,Nasdaq 100,stock,501,2024-08-20,2026-08-19,1908.650000,1d,MELI.csv,2026-08-20T19:53:14+00:00
META,META,Meta Platforms,Communication,USD,"S&P 500, Nasdaq 100",stock,501,2024-08-20,2026-08-19,546.030000,1d,META.csv,2026-08-20T19:53:11+00:00
ML.PA,ML_PA,Michelin,Consommation discretionnaire,EUR,CAC 40,stock,509,2024-08-20,2026-08-19,34.090000,1d,ML_PA.csv,2026-08-20T19:53:22+00:00
MMM,MMM,3M,Industrie,USD,S&P 500,stock,500,2024-08-21,2026-08-19,180.660000,1d,MMM.csv,2026-08-20T21:01:28+00:00
MRK,MRK,Merck & Co.,Sante,USD,S&P 500,stock,501,2024-08-20,2026-08-19,152.200000,1d,MRK.csv,2026-08-20T19:53:16+00:00
MRVL,MRVL,Marvell Technology,Technologie,USD,"S&P 500, Nasdaq 100",stock,501,2024-08-20,2026-08-19,237.270000,1d,MRVL.csv,2026-08-20T19:53:12+00:00
MSFT,MSFT,Microsoft,Technologie,USD,"S&P 500, Nasdaq 100",stock,501,2024-08-20,2026-08-19,484.310000,1d,MSFT.csv,2026-08-20T19:53:11+00:00
MT.AS,MT_AS,ArcelorMittal,Materiaux,EUR,CAC 40,stock,509,2024-08-20,2026-08-19,62.240000,1d,MT_AS.csv,2026-08-20T19:53:20+00:00
MU,MU,Micron Technology,Technologie,USD,"S&P 500, Nasdaq 100",stock,501,2024-08-20,2026-08-19,937.110000,1d,MU.csv,2026-08-20T19:53:12+00:00
NEE,NEE,NextEra Energy,Services aux collectivites,USD,S&P 500,stock,501,2024-08-20,2026-08-19,85.910000,1d,NEE.csv,2026-08-20T19:53:19+00:00
NFLX,NFLX,Netflix,Communication,USD,"S&P 500, Nasdaq 100",stock,501,2024-08-20,2026-08-19,80.220000,1d,NFLX.csv,2026-08-20T19:53:11+00:00
NKE,NKE,Nike,Consommation discretionnaire,USD,S&P 500,stock,501,2024-08-20,2026-08-19,41.050000,1d,NKE.csv,2026-08-20T19:53:17+00:00
NVDA,NVDA,NVIDIA,Technologie,USD,"S&P 500, Nasdaq 100",stock,501,2024-08-20,2026-08-19,217.560000,1d,NVDA.csv,2026-08-20T19:53:11+00:00
OR.PA,OR_PA,L'Oreal,Consommation de base,EUR,CAC 40,stock,509,2024-08-20,2026-08-19,382.550000,1d,OR_PA.csv,2026-08-20T19:53:22+00:00
ORA.PA,ORA_PA,Orange,Communication,EUR,CAC 40,stock,509,2024-08-20,2026-08-19,16.140000,1d,ORA_PA.csv,2026-08-20T19:53:22+00:00
ORCL,ORCL,Oracle,Technologie,USD,S&P 500,stock,501,2024-08-20,2026-08-19,143.810000,1d,ORCL.csv,2026-08-20T19:53:18+00:00
PANW,PANW,Palo Alto Networks,Technologie,USD,"S&P 500, Nasdaq 100",stock,501,2024-08-20,2026-08-19,359.760000,1d,PANW.csv,2026-08-20T19:53:12+00:00
PDD,PDD,PDD Holdings (ADR),Consommation discretionnaire,USD,Nasdaq 100,stock,501,2024-08-20,2026-08-19,90.200000,1d,PDD.csv,2026-08-20T19:53:15+00:00
PEP,PEP,PepsiCo,Consommation de base,USD,"S&P 500, Nasdaq 100",stock,501,2024-08-20,2026-08-19,142.580000,1d,PEP.csv,2026-08-20T19:53:13+00:00
PFE,PFE,Pfizer,Sante,USD,S&P 500,stock,501,2024-08-20,2026-08-19,28.240000,1d,PFE.csv,2026-08-20T19:53:16+00:00
PG,PG,Procter & Gamble,Consommation de base,USD,S&P 500,stock,501,2024-08-20,2026-08-19,144.380000,1d,PG.csv,2026-08-20T19:53:17+00:00
PLTR,PLTR,Palantir Technologies,Technologie,USD,S&P 500,stock,500,2024-08-21,2026-08-19,175.190000,1d,PLTR.csv,2026-08-20T21:01:28+00:00
PUB.PA,PUB_PA,Publicis Groupe,Communication,EUR,CAC 40,stock,509,2024-08-20,2026-08-19,101.550000,1d,PUB_PA.csv,2026-08-20T19:53:22+00:00
PYPL,PYPL,PayPal,Finance,USD,"S&P 500, Nasdaq 100",stock,501,2024-08-20,2026-08-19,61.250000,1d,PYPL.csv,2026-08-20T19:53:13+00:00
QCOM,QCOM,Qualcomm,Technologie,USD,"S&P 500, Nasdaq 100",stock,501,2024-08-20,2026-08-19,161.910000,1d,QCOM.csv,2026-08-20T19:53:12+00:00
REGN,REGN,Regeneron Pharmaceuticals,Sante,USD,"S&P 500, Nasdaq 100",stock,501,2024-08-20,2026-08-19,840.840000,1d,REGN.csv,2026-08-20T19:53:14+00:00
RI.PA,RI_PA,Pernod Ricard,Consommation de base,EUR,CAC 40,stock,509,2024-08-20,2026-08-19,68.120000,1d,RI_PA.csv,2026-08-20T19:53:22+00:00
RMS.PA,RMS_PA,Hermes International,Consommation discretionnaire,EUR,CAC 40,stock,509,2024-08-20,2026-08-19,1582.500000,1d,RMS_PA.csv,2026-08-20T19:53:22+00:00
RNO.PA,RNO_PA,Renault,Consommation discretionnaire,EUR,CAC 40,stock,509,2024-08-20,2026-08-19,29.190000,1d,RNO_PA.csv,2026-08-20T19:53:22+00:00
RTX,RTX,RTX Corporation,Industrie,USD,S&P 500,stock,501,2024-08-20,2026-08-19,220.350000,1d,RTX.csv,2026-08-20T19:53:19+00:00
SAF.PA,SAF_PA,Safran,Industrie,EUR,CAC 40,stock,509,2024-08-20,2026-08-19,349.100000,1d,SAF_PA.csv,2026-08-20T19:53:23+00:00
SAN.PA,SAN_PA,Sanofi,Sante,EUR,CAC 40,stock,509,2024-08-20,2026-08-19,78.560000,1d,SAN_PA.csv,2026-08-20T19:53:23+00:00
SBUX,SBUX,Starbucks,Consommation discretionnaire,USD,"S&P 500, Nasdaq 100",stock,501,2024-08-20,2026-08-19,104.980000,1d,SBUX.csv,2026-08-20T19:53:13+00:00
SGO.PA,SGO_PA,Saint-Gobain,Industrie,EUR,CAC 40,stock,509,2024-08-20,2026-08-19,80.800000,1d,SGO_PA.csv,2026-08-20T19:53:23+00:00
SNPS,SNPS,Synopsys,Technologie,USD,"S&P 500, Nasdaq 100",stock,501,2024-08-20,2026-08-19,401.240000,1d,SNPS.csv,2026-08-20T19:53:12+00:00
SPGI,SPGI,S&P Global,Finance,USD,S&P 500,stock,501,2024-08-20,2026-08-19,426.660000,1d,SPGI.csv,2026-08-20T19:53:15+00:00
STLAP.PA,STLAP_PA,Stellantis,Consommation discretionnaire,EUR,CAC 40,stock,509,2024-08-20,2026-08-19,4.640000,1d,STLAP_PA.csv,2026-08-20T19:53:23+00:00
STMPA.PA,STMPA_PA,STMicroelectronics,Technologie,EUR,CAC 40,stock,509,2024-08-20,2026-08-19,43.890000,1d,STMPA_PA.csv,2026-08-20T19:53:23+00:00
SU.PA,SU_PA,Schneider Electric,Industrie,EUR,CAC 40,stock,509,2024-08-20,2026-08-19,294.000000,1d,SU_PA.csv,2026-08-20T19:53:23+00:00
T,T,AT&T,Communication,USD,S&P 500,stock,501,2024-08-20,2026-08-19,25.120000,1d,T.csv,2026-08-20T19:53:18+00:00
TEP.PA,TEP_PA,Teleperformance,Industrie,EUR,CAC 40,stock,509,2024-08-20,2026-08-19,70.680000,1d,TEP_PA.csv,2026-08-20T19:53:23+00:00
TGT,TGT,Target,Consommation discretionnaire,USD,S&P 500,stock,500,2024-08-21,2026-08-19,159.000000,1d,TGT.csv,2026-08-20T21:01:28+00:00
TMO,TMO,Thermo Fisher Scientific,Sante,USD,S&P 500,stock,501,2024-08-20,2026-08-19,613.540000,1d,TMO.csv,2026-08-20T19:53:16+00:00
TSLA,TSLA,Tesla,Consommation discretionnaire,USD,"S&P 500, Nasdaq 100",stock,501,2024-08-20,2026-08-19,351.120000,1d,TSLA.csv,2026-08-20T19:53:11+00:00
TTE.PA,TTE_PA,TotalEnergies,Energie,EUR,CAC 40,stock,509,2024-08-20,2026-08-19,77.660000,1d,TTE_PA.csv,2026-08-20T19:53:24+00:00
TXN,TXN,Texas Instruments,Technologie,USD,"S&P 500, Nasdaq 100",stock,501,2024-08-20,2026-08-19,267.450000,1d,TXN.csv,2026-08-20T19:53:12+00:00
UBER,UBER,Uber Technologies,Industrie,USD,S&P 500,stock,500,2024-08-21,2026-08-19,78.040000,1d,UBER.csv,2026-08-20T21:01:28+00:00
UNH,UNH,UnitedHealth Group,Sante,USD,S&P 500,stock,501,2024-08-20,2026-08-19,388.610000,1d,UNH.csv,2026-08-20T19:53:16+00:00
UNP,UNP,Union Pacific,Industrie,USD,S&P 500,stock,501,2024-08-20,2026-08-19,301.800000,1d,UNP.csv,2026-08-20T19:53:19+00:00
URW.PA,URW_PA,Unibail-Rodamco-Westfield,Immobilier,EUR,CAC 40,stock,509,2024-08-20,2026-08-19,102.650000,1d,URW_PA.csv,2026-08-20T19:53:24+00:00
V,V,Visa,Finance,USD,S&P 500,stock,501,2024-08-20,2026-08-19,365.540000,1d,V.csv,2026-08-20T19:53:15+00:00
VIE.PA,VIE_PA,Veolia Environnement,Services aux collectivites,EUR,CAC 40,stock,509,2024-08-20,2026-08-19,34.070000,1d,VIE_PA.csv,2026-08-20T19:53:24+00:00
VRTX,VRTX,Vertex Pharmaceuticals,Sante,USD,"S&P 500, Nasdaq 100",stock,501,2024-08-20,2026-08-19,552.060000,1d,VRTX.csv,2026-08-20T19:53:14+00:00
VZ,VZ,Verizon Communications,Communication,USD,S&P 500,stock,501,2024-08-20,2026-08-19,49.360000,1d,VZ.csv,2026-08-20T19:53:18+00:00
WMT,WMT,Walmart,Consommation de base,USD,S&P 500,stock,501,2024-08-20,2026-08-19,114.300000,1d,WMT.csv,2026-08-20T19:53:17+00:00
XOM,XOM,Exxon Mobil,Energie,USD,S&P 500,stock,501,2024-08-20,2026-08-19,164.770000,1d,XOM.csv,2026-08-20T19:53:16+00:00
^FCHI,IDX_FCHI,CAC 40 (indice),Indice,EUR,CAC 40,index,510,2024-08-20,2026-08-19,8501.910200,1d,IDX_FCHI.csv,2026-08-20T19:53:10+00:00
^GSPC,IDX_GSPC,S&P 500 (indice),Indice,USD,S&P 500,index,501,2024-08-20,2026-08-19,7707.980000,1d,IDX_GSPC.csv,2026-08-20T19:53:10+00:00
^IXIC,IDX_IXIC,Nasdaq Composite (indice),Indice,USD,Nasdaq 100,index,501,2024-08-20,2026-08-19,26331.089800,1d,IDX_IXIC.csv,2026-08-20T19:53:10+00:00
^NDX,IDX_NDX,Nasdaq 100 (indice),Indice,USD,Nasdaq 100,index,501,2024-08-20,2026-08-19,29426.019500,1d,IDX_NDX.csv,2026-08-20T19:53:10+00:00
