date,open,high,low,close,adj_close,volume,dividends,stock_splits
2024-08-20,182.300003,183.050003,181.100006,181.250000,171.646271,126341,0.000000,0.000000
2024-08-21,181.550003,183.550003,181.500000,182.750000,173.066788,151996,0.000000,0.000000
2024-08-22,182.600006,183.899994,182.100006,183.050003,173.350906,121912,0.000000,0.000000
2024-08-23,182.699997,183.100006,181.550003,182.550003,172.877396,112373,0.000000,0.000000
2024-08-26,182.750000,183.649994,182.550003,183.250000,173.540298,85195,0.000000,0.000000
2024-08-27,183.199997,185.149994,183.199997,184.850006,175.055511,177896,0.000000,0.000000
2024-08-28,185.550003,186.550003,184.850006,185.050003,175.244919,185338,0.000000,0.000000
2024-08-29,184.500000,186.850006,184.149994,186.000000,176.144592,178600,0.000000,0.000000
2024-08-30,185.449997,189.800003,185.449997,187.500000,177.565109,525726,0.000000,0.000000
2024-09-02,187.600006,187.699997,185.800003,187.199997,177.281006,107816,0.000000,0.000000
2024-09-03,187.100006,188.350006,186.350006,186.899994,176.996902,205849,0.000000,0.000000
2024-09-04,182.199997,185.250000,180.699997,183.250000,173.540298,308788,0.000000,0.000000
2024-09-05,183.649994,184.449997,182.449997,183.649994,173.919098,197779,0.000000,0.000000
2024-09-06,183.100006,183.649994,179.600006,180.050003,170.509857,248153,0.000000,0.000000
2024-09-09,180.350006,181.649994,180.250000,180.449997,170.888657,181867,0.000000,0.000000
2024-09-10,187.300003,194.050003,186.350006,190.000000,179.932632,422809,0.000000,0.000000
2024-09-11,190.100006,192.000000,189.300003,190.399994,180.311432,306422,0.000000,0.000000
2024-09-12,194.000000,194.250000,191.500000,193.500000,183.247192,285871,0.000000,0.000000
2024-09-13,193.899994,195.050003,192.899994,193.149994,182.915726,319251,0.000000,0.000000
2024-09-16,189.949997,191.500000,187.649994,190.149994,180.074692,234171,0.000000,0.000000
2024-09-17,190.800003,196.250000,190.800003,192.250000,182.063416,367514,0.000000,0.000000
2024-09-18,191.750000,192.449997,191.449997,192.000000,181.826675,232821,0.000000,0.000000
2024-09-19,193.050003,196.649994,192.949997,195.100006,184.762421,326011,0.000000,0.000000
2024-09-20,194.899994,195.100006,187.800003,188.050003,178.085968,691779,0.000000,0.000000
2024-09-23,188.050003,189.399994,186.899994,188.600006,178.606827,169124,0.000000,0.000000
2024-09-24,190.050003,191.100006,188.850006,189.500000,179.459122,166017,0.000000,0.000000
2024-09-25,188.000000,189.649994,186.850006,189.649994,179.601181,220606,0.000000,0.000000
2024-09-26,190.000000,195.500000,189.750000,195.500000,185.141205,549934,0.000000,0.000000
2024-09-27,196.000000,199.899994,196.000000,199.899994,189.308075,478053,0.000000,0.000000
2024-09-30,198.149994,198.899994,193.949997,193.949997,183.673340,394591,0.000000,0.000000
2024-10-01,194.149994,194.800003,191.350006,192.149994,181.968704,292222,0.000000,0.000000
2024-10-02,192.149994,192.500000,189.750000,191.850006,181.684616,202680,0.000000,0.000000
2024-10-03,191.000000,191.550003,187.649994,188.000000,178.038605,240932,0.000000,0.000000
2024-10-04,187.800003,190.800003,187.600006,189.000000,178.985626,271893,0.000000,0.000000
2024-10-07,189.000000,189.300003,183.850006,183.850006,174.108505,335470,0.000000,0.000000
2024-10-08,181.199997,183.649994,180.550003,183.399994,173.682343,393998,0.000000,0.000000
2024-10-09,184.600006,185.699997,183.300003,184.050003,174.297897,225504,0.000000,0.000000
2024-10-10,182.850006,183.100006,180.250000,182.350006,172.687988,347877,0.000000,0.000000
2024-10-11,181.800003,183.899994,181.649994,181.699997,172.072418,265016,0.000000,0.000000
2024-10-14,181.350006,183.750000,181.350006,183.750000,174.013809,322963,0.000000,0.000000
2024-10-15,185.199997,185.850006,181.699997,182.050003,172.403885,354376,0.000000,0.000000
2024-10-16,181.449997,183.000000,180.949997,182.100006,172.451233,265335,0.000000,0.000000
2024-10-17,182.300003,185.250000,181.649994,182.850006,173.161499,342644,0.000000,0.000000
2024-10-18,182.100006,185.449997,182.000000,184.550003,174.771408,379491,0.000000,0.000000
2024-10-21,184.199997,185.199997,180.699997,181.100006,171.504211,266227,0.000000,0.000000
2024-10-22,183.050003,184.149994,180.649994,183.149994,173.445587,291537,0.000000,0.000000
2024-10-23,182.199997,184.949997,180.350006,180.699997,171.125397,324794,0.000000,0.000000
2024-10-24,181.100006,182.600006,180.000000,180.000000,170.462509,290629,0.000000,0.000000
2024-10-25,179.500000,180.100006,175.050003,175.050003,165.774796,383150,0.000000,0.000000
2024-10-28,176.000000,177.850006,175.850006,176.750000,167.384705,409135,0.000000,0.000000
2024-10-29,177.399994,177.850006,175.550003,176.050003,166.721802,458849,0.000000,0.000000
2024-10-30,172.899994,173.449997,161.600006,164.800003,156.067886,968539,0.000000,0.000000
2024-10-31,163.100006,164.250000,158.300003,159.199997,150.764603,797213,0.000000,0.000000
2024-11-01,159.149994,164.399994,159.149994,164.000000,155.310287,502631,0.000000,0.000000
2024-11-04,163.449997,164.649994,161.899994,162.000000,153.416260,460098,0.000000,0.000000
2024-11-05,162.449997,162.750000,159.550003,159.800003,151.332825,392149,0.000000,0.000000
2024-11-06,160.750000,164.199997,158.100006,159.000000,150.575211,508735,0.000000,0.000000
2024-11-07,159.300003,161.550003,159.300003,161.500000,152.942749,326259,0.000000,0.000000
2024-11-08,161.350006,163.050003,160.800003,162.100006,153.510956,340411,0.000000,0.000000
2024-11-11,163.050003,164.550003,162.449997,164.550003,155.831131,332633,0.000000,0.000000
2024-11-12,162.750000,165.750000,161.250000,164.350006,155.641739,419941,0.000000,0.000000
2024-11-13,163.350006,163.500000,157.899994,157.949997,149.580841,520292,0.000000,0.000000
2024-11-14,160.149994,161.649994,158.399994,161.250000,152.705978,406259,0.000000,0.000000
2024-11-15,158.699997,158.850006,154.350006,154.350006,146.171600,715340,0.000000,0.000000
2024-11-18,154.000000,156.399994,154.000000,155.800003,147.544769,346079,0.000000,0.000000
2024-11-19,155.600006,157.399994,154.800003,156.699997,148.397079,341697,0.000000,0.000000
2024-11-20,157.750000,157.899994,153.399994,154.100006,145.934845,357629,0.000000,0.000000
2024-11-21,154.300003,154.399994,152.399994,153.250000,145.129883,511259,0.000000,0.000000
2024-11-22,153.500000,155.399994,153.300003,154.550003,146.360992,370334,0.000000,0.000000
2024-11-25,154.949997,155.699997,152.649994,153.199997,145.082520,821835,0.000000,0.000000
2024-11-26,151.199997,154.649994,150.949997,152.750000,144.656372,515736,0.000000,0.000000
2024-11-27,151.399994,151.949997,149.399994,150.949997,142.951752,475484,0.000000,0.000000
2024-11-28,151.649994,152.699997,151.149994,151.649994,143.614655,247435,0.000000,0.000000
2024-11-29,151.399994,152.500000,150.149994,151.899994,143.851395,448895,0.000000,0.000000
2024-12-02,149.699997,152.500000,149.600006,150.850006,142.857056,585282,0.000000,0.000000
2024-12-03,151.600006,153.500000,150.899994,152.100006,144.040817,435371,0.000000,0.000000
2024-12-04,152.100006,154.000000,152.100006,153.899994,145.745438,583871,0.000000,0.000000
2024-12-05,152.949997,155.350006,152.949997,155.000000,146.787155,447111,0.000000,0.000000
2024-12-06,155.149994,157.949997,154.850006,157.449997,149.107330,487261,0.000000,0.000000
2024-12-09,158.399994,160.500000,158.300003,160.050003,151.569580,584078,0.000000,0.000000
2024-12-10,159.750000,160.399994,159.199997,159.949997,151.474869,538337,0.000000,0.000000
2024-12-11,159.149994,159.750000,158.300003,159.350006,150.906677,477627,0.000000,0.000000
2024-12-12,159.100006,159.300003,156.100006,157.000000,148.681183,605225,0.000000,0.000000
2024-12-13,156.600006,157.699997,155.550003,156.000000,147.734177,624709,0.000000,0.000000
2024-12-16,155.000000,155.449997,152.949997,154.050003,145.887482,628153,0.000000,0.000000
2024-12-17,153.000000,154.149994,152.649994,153.649994,145.508667,501291,0.000000,0.000000
2024-12-18,153.800003,154.800003,153.550003,154.149994,145.982178,477420,0.000000,0.000000
2024-12-19,151.449997,157.500000,150.949997,156.550003,148.255020,669703,0.000000,0.000000
2024-12-20,155.699997,155.800003,154.149994,155.250000,147.023895,998401,0.000000,0.000000
2024-12-23,154.500000,156.449997,154.300003,155.449997,147.213303,269864,0.000000,0.000000
2024-12-24,155.600006,157.500000,155.600006,156.000000,147.734177,102474,0.000000,0.000000
2024-12-27,156.899994,158.250000,155.750000,157.050003,148.728531,320565,0.000000,0.000000
2024-12-30,156.399994,157.449997,154.750000,155.199997,146.976562,220688,0.000000,0.000000
2024-12-31,154.949997,158.149994,154.750000,158.149994,149.770248,145469,0.000000,0.000000
2025-01-02,156.949997,158.100006,155.399994,156.649994,148.349716,191242,0.000000,0.000000
2025-01-03,156.600006,156.850006,154.850006,155.000000,146.787155,239978,0.000000,0.000000
2025-01-06,155.500000,160.649994,155.399994,159.550003,151.096069,482062,0.000000,0.000000
2025-01-07,159.250000,161.800003,158.699997,160.399994,151.901016,420470,0.000000,0.000000
2025-01-08,159.800003,160.300003,156.550003,157.750000,149.391449,342056,0.000000,0.000000
2025-01-09,157.000000,158.350006,156.500000,156.949997,148.633820,247201,0.000000,0.000000
2025-01-10,156.899994,160.899994,156.300003,157.050003,148.728531,514094,0.000000,0.000000
2025-01-13,156.300003,156.699997,154.399994,156.050003,147.781525,263235,0.000000,0.000000
2025-01-14,157.399994,157.899994,155.050003,155.050003,146.834503,337594,0.000000,0.000000
2025-01-15,155.899994,158.850006,155.399994,157.149994,148.823227,501585,0.000000,0.000000
2025-01-16,158.050003,162.800003,157.149994,160.250000,151.758987,761607,0.000000,0.000000
2025-01-17,160.250000,161.550003,159.699997,160.300003,151.806335,506230,0.000000,0.000000
2025-01-20,161.000000,162.800003,160.449997,161.899994,153.321548,361800,0.000000,0.000000
2025-01-21,161.600006,163.649994,161.300003,163.399994,154.742065,339442,0.000000,0.000000
2025-01-22,164.050003,164.699997,162.399994,162.500000,153.889755,314643,0.000000,0.000000
2025-01-23,162.500000,164.149994,162.199997,164.100006,155.404999,432302,0.000000,0.000000
2025-01-24,165.500000,168.350006,164.600006,167.500000,158.624817,471916,0.000000,0.000000
2025-01-27,163.800003,165.800003,162.149994,164.750000,156.020538,599306,0.000000,0.000000
2025-01-28,165.750000,170.899994,165.300003,170.899994,161.844666,482127,0.000000,0.000000
2025-01-29,170.800003,172.550003,170.399994,172.350006,163.217850,550236,0.000000,0.000000
2025-01-30,172.199997,175.449997,171.949997,175.350006,166.058899,570350,0.000000,0.000000
2025-01-31,175.399994,177.699997,174.449997,175.949997,166.627090,556112,0.000000,0.000000
2025-02-03,170.000000,174.949997,169.600006,174.399994,165.159210,390439,0.000000,0.000000
2025-02-04,174.500000,177.699997,173.949997,177.350006,167.952911,349281,0.000000,0.000000
2025-02-05,176.800003,178.500000,176.600006,178.500000,169.041977,293791,0.000000,0.000000
2025-02-06,178.550003,179.949997,177.500000,178.500000,169.041977,367754,0.000000,0.000000
2025-02-07,179.000000,179.199997,174.350006,174.600006,165.348633,357635,0.000000,0.000000
2025-02-10,174.949997,177.000000,174.600006,176.750000,167.384705,309565,0.000000,0.000000
2025-02-11,176.399994,179.449997,176.399994,179.449997,169.941635,430962,0.000000,0.000000
2025-02-12,179.899994,182.949997,179.550003,182.199997,172.545929,604359,0.000000,0.000000
2025-02-13,183.500000,186.100006,183.500000,184.899994,175.102859,420282,0.000000,0.000000
2025-02-14,184.550003,186.649994,183.949997,185.250000,175.434311,487459,0.000000,0.000000
2025-02-17,185.050003,186.350006,184.250000,185.449997,175.623718,331994,0.000000,0.000000
2025-02-18,176.699997,177.350006,164.149994,166.500000,157.677811,1108977,0.000000,0.000000
2025-02-19,167.600006,168.199997,161.649994,162.100006,153.510956,679517,0.000000,0.000000
2025-02-20,162.000000,162.250000,158.050003,159.899994,151.427505,591097,0.000000,0.000000
2025-02-21,161.000000,164.350006,160.850006,164.000000,155.310287,616864,0.000000,0.000000
2025-02-24,165.300003,166.199997,161.000000,163.100006,154.457977,444453,0.000000,0.000000
2025-02-25,161.199997,161.750000,158.899994,159.000000,150.575211,567159,0.000000,0.000000
2025-02-26,159.250000,159.550003,155.300003,155.300003,147.071259,752504,0.000000,0.000000
2025-02-27,153.449997,153.699997,150.550003,150.550003,142.572952,501615,0.000000,0.000000
2025-02-28,149.199997,151.250000,148.600006,149.149994,141.247116,1041449,0.000000,0.000000
2025-03-03,148.699997,150.399994,147.750000,148.199997,140.347458,588893,0.000000,0.000000
2025-03-04,146.350006,148.000000,143.250000,143.250000,135.659744,768506,0.000000,0.000000
2025-03-05,146.600006,151.800003,146.050003,150.699997,142.714981,679954,0.000000,0.000000
2025-03-06,152.800003,157.449997,151.399994,157.149994,148.823227,885544,0.000000,0.000000
2025-03-07,156.199997,156.899994,153.000000,153.750000,145.603378,615712,0.000000,0.000000
2025-03-10,155.449997,156.550003,152.100006,152.800003,144.703720,522742,0.000000,0.000000
2025-03-11,153.149994,153.600006,145.949997,146.949997,139.163681,633384,0.000000,0.000000
2025-03-12,149.000000,151.399994,146.949997,148.300003,140.442169,557861,0.000000,0.000000
2025-03-13,147.600006,150.199997,145.699997,145.699997,137.979919,501084,0.000000,0.000000
2025-03-14,145.050003,148.699997,144.600006,146.899994,139.116333,591772,0.000000,0.000000
2025-03-17,147.399994,148.300003,145.199997,145.199997,137.506409,527398,0.000000,0.000000
2025-03-18,146.100006,148.100006,145.100006,146.199997,138.453430,512260,0.000000,0.000000
2025-03-19,146.250000,147.199997,144.949997,146.850006,139.068985,393977,0.000000,0.000000
2025-03-20,147.500000,150.449997,144.050003,147.050003,139.258392,837718,0.000000,0.000000
2025-03-21,146.399994,146.600006,144.449997,146.050003,138.311371,904239,0.000000,0.000000
2025-03-24,147.750000,147.850006,144.699997,146.449997,138.690170,534016,0.000000,0.000000
2025-03-25,147.000000,148.800003,145.750000,147.600006,139.779266,558654,0.000000,0.000000
2025-03-26,148.250000,149.500000,146.949997,148.000000,140.158066,570364,0.000000,0.000000
2025-03-27,146.600006,147.100006,144.050003,147.100006,139.305756,560011,0.000000,0.000000
2025-03-28,145.850006,147.600006,144.350006,145.300003,137.601120,465431,0.000000,0.000000
2025-03-31,143.300003,144.000000,137.550003,138.050003,130.735260,837234,0.000000,0.000000
2025-04-01,140.350006,141.500000,138.850006,139.300003,131.919037,514908,0.000000,0.000000
2025-04-02,138.149994,140.000000,136.649994,140.000000,132.581955,548111,0.000000,0.000000
2025-04-03,137.800003,138.699997,133.449997,135.149994,127.988922,578727,0.000000,0.000000
2025-04-04,133.600006,134.250000,126.250000,128.350006,121.549232,784700,0.000000,0.000000
2025-04-07,112.599998,127.849998,110.000000,120.400002,114.020477,1195729,0.000000,0.000000
2025-04-08,122.699997,127.800003,120.550003,126.550003,119.844612,862643,0.000000,0.000000
2025-04-09,122.000000,125.650002,121.900002,122.800003,116.293312,637280,0.000000,0.000000
2025-04-10,136.000000,136.399994,123.900002,125.250000,118.613487,905952,0.000000,0.000000
2025-04-11,126.150002,127.650002,123.750000,124.599998,117.997925,619038,0.000000,0.000000
2025-04-14,128.800003,129.500000,127.750000,128.449997,121.643929,506589,0.000000,0.000000
2025-04-15,128.649994,130.300003,128.350006,130.300003,123.395912,419047,0.000000,0.000000
2025-04-16,128.699997,129.350006,127.349998,128.649994,121.833328,411594,0.000000,0.000000
2025-04-17,128.250000,129.399994,126.750000,126.900002,120.176064,463529,0.000000,0.000000
2025-04-22,126.550003,127.949997,124.000000,127.849998,121.075729,395567,0.000000,0.000000
2025-04-23,131.600006,134.850006,131.000000,132.199997,125.195229,561712,0.000000,0.000000
2025-04-24,132.149994,133.350006,130.399994,132.000000,125.005836,444706,0.000000,0.000000
2025-04-25,132.149994,132.500000,127.849998,130.050003,123.159157,961598,0.000000,0.000000
2025-04-28,130.500000,132.550003,130.250000,130.600006,123.680023,502534,0.000000,0.000000
2025-04-29,143.000000,144.199997,135.350006,138.000000,130.687912,1092214,0.000000,0.000000
2025-04-30,138.500000,141.000000,136.000000,139.850006,132.439896,719288,0.000000,0.000000
2025-05-02,141.149994,143.600006,140.050003,142.550003,134.996841,500708,0.000000,0.000000
2025-05-05,142.850006,143.199997,141.449997,141.850006,134.333923,248993,0.000000,0.000000
2025-05-06,141.699997,144.199997,140.899994,143.449997,135.849136,460553,0.000000,0.000000
2025-05-07,142.399994,143.699997,141.300003,143.250000,135.659744,447059,0.000000,0.000000
2025-05-08,144.800003,148.050003,144.050003,144.550003,136.890869,413110,0.000000,0.000000
2025-05-09,146.050003,149.350006,146.050003,149.350006,141.436523,588577,0.000000,0.000000
2025-05-12,150.600006,155.949997,150.050003,155.149994,146.929199,861969,0.000000,0.000000
2025-05-13,156.050003,156.500000,153.550003,155.899994,147.639465,380921,0.000000,0.000000
2025-05-14,156.000000,156.550003,152.699997,152.699997,144.609024,466900,0.000000,0.000000
2025-05-15,151.300003,153.699997,151.100006,152.699997,144.609024,499394,0.000000,0.000000
2025-05-16,153.050003,154.050003,150.149994,150.649994,142.667633,531281,0.000000,0.000000
2025-05-19,150.399994,151.649994,149.649994,150.949997,142.951752,321842,0.000000,0.000000
2025-05-20,147.350006,150.050003,147.350006,148.649994,144.017456,295309,3.400000,0.000000
2025-05-21,148.149994,150.350006,147.949997,150.350006,145.664490,349279,0.000000,0.000000
2025-05-22,149.149994,149.550003,145.199997,147.899994,143.290833,444067,0.000000,0.000000
2025-05-23,148.149994,149.500000,143.399994,146.899994,142.321991,444183,0.000000,0.000000
2025-05-26,149.399994,150.750000,149.000000,149.300003,144.647217,204216,0.000000,0.000000
2025-05-27,149.800003,150.949997,148.600006,149.199997,144.550323,355233,0.000000,0.000000
2025-05-28,149.199997,150.000000,148.050003,148.050003,143.436172,244268,0.000000,0.000000
2025-05-29,149.199997,150.149994,147.350006,147.600006,143.000198,246130,0.000000,0.000000
2025-05-30,146.899994,148.850006,146.100006,146.250000,141.692261,1083744,0.000000,0.000000
2025-06-02,145.449997,146.300003,143.649994,145.250000,140.723419,400741,0.000000,0.000000
2025-06-03,145.850006,146.399994,143.600006,146.000000,141.450043,363991,0.000000,0.000000
2025-06-04,146.850006,148.399994,146.250000,147.250000,142.661087,274553,0.000000,0.000000
2025-06-05,148.149994,149.699997,146.649994,147.449997,142.854858,241931,0.000000,0.000000
2025-06-06,147.449997,150.500000,146.899994,150.500000,145.809814,317771,0.000000,0.000000
2025-06-09,150.350006,151.000000,149.699997,150.600006,145.906693,227317,0.000000,0.000000
2025-06-10,150.449997,154.550003,149.850006,154.300003,149.491394,441697,0.000000,0.000000
2025-06-11,154.000000,154.550003,151.750000,153.550003,148.764771,336038,0.000000,0.000000
2025-06-12,152.000000,153.100006,150.750000,152.750000,147.989685,379602,0.000000,0.000000
2025-06-13,149.050003,151.199997,149.000000,150.399994,145.712921,449368,0.000000,0.000000
2025-06-16,150.500000,153.600006,149.899994,153.199997,148.425659,390848,0.000000,0.000000
2025-06-17,152.300003,154.250000,149.800003,150.199997,145.519150,351221,0.000000,0.000000
2025-06-18,150.850006,150.850006,147.149994,147.750000,143.145508,329097,0.000000,0.000000
2025-06-19,146.100006,147.199997,145.149994,145.149994,140.626526,276526,0.000000,0.000000
2025-06-20,147.149994,148.100006,140.899994,141.649994,137.235611,1475336,0.000000,0.000000
2025-06-23,140.500000,142.449997,139.399994,141.949997,137.526260,382256,0.000000,0.000000
2025-06-24,146.100006,146.500000,144.149994,144.149994,139.657700,403238,0.000000,0.000000
2025-06-25,144.100006,145.300003,142.199997,142.199997,137.768463,291869,0.000000,0.000000
2025-06-26,143.100006,144.300003,141.800003,141.800003,137.380936,236177,0.000000,0.000000
2025-06-27,142.899994,145.399994,142.699997,145.250000,140.723419,329908,0.000000,0.000000
2025-06-30,145.600006,146.600006,145.000000,145.050003,140.529663,313711,0.000000,0.000000
2025-07-01,144.899994,145.600006,143.449997,145.199997,140.674973,317977,0.000000,0.000000
2025-07-02,145.600006,145.800003,143.100006,145.300003,140.771866,364330,0.000000,0.000000
2025-07-03,144.899994,146.550003,144.350006,146.449997,141.886017,217793,0.000000,0.000000
2025-07-04,145.250000,145.800003,144.000000,145.250000,140.723419,189914,0.000000,0.000000
2025-07-07,142.000000,143.199997,136.199997,137.149994,132.875839,981120,0.000000,0.000000
2025-07-08,138.000000,143.100006,137.149994,143.050003,138.591980,745135,0.000000,0.000000
2025-07-09,143.000000,145.600006,141.649994,145.250000,140.723419,441610,0.000000,0.000000
2025-07-10,146.750000,149.250000,144.850006,145.399994,140.868744,273047,0.000000,0.000000
2025-07-11,143.850006,144.199997,140.399994,140.399994,136.024567,364250,0.000000,0.000000
2025-07-14,138.949997,139.699997,137.100006,137.100006,132.827408,434608,0.000000,0.000000
2025-07-15,137.199997,139.899994,136.550003,136.899994,132.633636,516490,0.000000,0.000000
2025-07-16,136.000000,137.699997,135.649994,136.649994,132.391434,261280,0.000000,0.000000
2025-07-17,138.649994,139.250000,136.550003,137.750000,133.457153,411565,0.000000,0.000000
2025-07-18,137.800003,139.699997,137.350006,137.949997,133.650909,544263,0.000000,0.000000
2025-07-21,137.649994,138.100006,135.800003,136.500000,132.246109,417957,0.000000,0.000000
2025-07-22,135.250000,136.100006,133.250000,135.100006,130.889740,674142,0.000000,0.000000
2025-07-23,136.699997,137.600006,135.600006,136.199997,131.955460,504072,0.000000,0.000000
2025-07-24,137.300003,137.300003,134.050003,135.350006,131.131958,536096,0.000000,0.000000
2025-07-25,134.800003,135.199997,133.149994,134.050003,129.872467,753144,0.000000,0.000000
2025-07-28,135.850006,136.699997,134.350006,135.000000,130.792847,602984,0.000000,0.000000
2025-07-29,135.250000,136.399994,133.949997,134.000000,129.824020,463326,0.000000,0.000000
2025-07-30,142.000000,143.300003,131.550003,132.500000,128.370758,660939,0.000000,0.000000
2025-07-31,132.649994,135.600006,130.800003,130.899994,126.820618,482716,0.000000,0.000000
2025-08-01,131.300003,131.350006,124.250000,124.449997,120.571632,640501,0.000000,0.000000
2025-08-04,125.150002,125.750000,123.500000,123.900002,120.038773,428366,0.000000,0.000000
2025-08-05,125.000000,126.699997,124.300003,124.300003,120.426315,632386,0.000000,0.000000
2025-08-06,124.500000,124.800003,120.800003,121.500000,117.713570,572467,0.000000,0.000000
2025-08-07,122.000000,125.199997,121.699997,123.800003,119.941895,423411,0.000000,0.000000
2025-08-08,123.349998,125.599998,123.349998,125.599998,121.685791,441117,0.000000,0.000000
2025-08-11,126.000000,126.699997,123.349998,123.349998,119.505913,369768,0.000000,0.000000
2025-08-12,123.300003,123.900002,120.599998,121.300003,117.519806,535866,0.000000,0.000000
2025-08-13,121.599998,123.550003,121.000000,123.449997,119.602798,444976,0.000000,0.000000
2025-08-14,123.349998,124.300003,121.949997,121.949997,118.149544,531885,0.000000,0.000000
2025-08-15,122.250000,123.449997,121.849998,123.050003,119.215263,380141,0.000000,0.000000
2025-08-18,123.349998,123.750000,121.449997,122.500000,118.682404,310104,0.000000,0.000000
2025-08-19,122.800003,127.050003,122.800003,126.699997,122.751511,427274,0.000000,0.000000
2025-08-20,126.150002,127.099998,125.250000,126.500000,122.557747,395497,0.000000,0.000000
2025-08-21,126.500000,126.599998,124.099998,124.949997,121.056046,324639,0.000000,0.000000
2025-08-22,124.800003,126.800003,124.750000,126.599998,122.654633,327189,0.000000,0.000000
2025-08-25,126.550003,126.550003,123.900002,123.900002,120.038773,266068,0.000000,0.000000
2025-08-26,122.900002,123.699997,120.550003,122.400002,118.585526,493733,0.000000,0.000000
2025-08-27,122.500000,124.150002,122.250000,124.050003,120.184105,281245,0.000000,0.000000
2025-08-28,124.500000,125.599998,123.699997,124.050003,120.184105,263684,0.000000,0.000000
2025-08-29,123.849998,124.699997,121.349998,121.449997,117.665123,425603,0.000000,0.000000
2025-09-01,121.650002,122.150002,120.400002,120.400002,116.647850,345859,0.000000,0.000000
2025-09-02,120.300003,120.800003,118.099998,118.099998,114.419525,450635,0.000000,0.000000
2025-09-03,119.599998,121.699997,119.500000,121.699997,117.907333,556652,0.000000,0.000000
2025-09-04,122.449997,123.550003,121.550003,122.150002,118.343315,425230,0.000000,0.000000
2025-09-05,123.300003,125.099998,122.150002,125.000000,121.104492,554918,0.000000,0.000000
2025-09-08,125.750000,127.800003,124.449997,127.150002,123.187492,674313,0.000000,0.000000
2025-09-09,127.000000,127.500000,123.900002,125.099998,121.201378,526917,0.000000,0.000000
2025-09-10,125.449997,125.849998,122.199997,122.449997,118.633957,516097,0.000000,0.000000
2025-09-11,122.699997,124.250000,121.099998,121.800003,118.004219,387865,0.000000,0.000000
2025-09-12,122.300003,124.050003,121.000000,123.800003,119.941895,507452,0.000000,0.000000
2025-09-15,124.000000,125.550003,121.050003,121.050003,117.277596,810660,0.000000,0.000000
2025-09-16,122.000000,124.699997,121.949997,123.050003,119.215263,621878,0.000000,0.000000
2025-09-17,124.050003,124.199997,121.449997,123.150002,119.312149,397389,0.000000,0.000000
2025-09-18,124.449997,128.000000,124.449997,127.050003,123.090607,374460,0.000000,0.000000
2025-09-19,126.900002,126.949997,123.550003,124.250000,120.377869,1005293,0.000000,0.000000
2025-09-22,124.000000,124.050003,120.449997,121.949997,118.149544,406987,0.000000,0.000000
2025-09-23,123.150002,125.349998,122.900002,123.599998,119.748123,361476,0.000000,0.000000
2025-09-24,123.099998,123.349998,121.250000,122.250000,118.440193,287313,0.000000,0.000000
2025-09-25,122.800003,124.199997,119.900002,121.900002,118.101105,503289,0.000000,0.000000
2025-09-26,121.250000,122.050003,117.849998,119.150002,115.436806,458258,0.000000,0.000000
2025-09-29,119.599998,121.650002,118.699997,121.300003,117.519806,312694,0.000000,0.000000
2025-09-30,121.449997,123.650002,120.699997,123.550003,119.699684,522202,0.000000,0.000000
2025-10-01,122.349998,124.599998,122.349998,123.500000,119.651237,325178,0.000000,0.000000
2025-10-02,124.500000,126.150002,123.900002,124.849998,120.959167,321118,0.000000,0.000000
2025-10-03,125.349998,126.099998,123.550003,124.349998,120.474747,357694,0.000000,0.000000
2025-10-06,124.300003,124.699997,120.050003,124.599998,120.716957,346961,0.000000,0.000000
2025-10-07,125.400002,126.050003,123.300003,125.000000,121.104492,391426,0.000000,0.000000
2025-10-08,124.199997,125.150002,121.800003,122.050003,118.246429,635324,0.000000,0.000000
2025-10-09,120.550003,122.650002,119.699997,122.050003,118.246429,669969,0.000000,0.000000
2025-10-10,122.250000,123.750000,119.699997,119.699997,115.969658,351203,0.000000,0.000000
2025-10-13,120.000000,122.150002,119.099998,120.300003,116.550964,261627,0.000000,0.000000
2025-10-14,119.150002,120.400002,118.500000,118.900002,115.194595,320758,0.000000,0.000000
2025-10-15,120.199997,123.250000,120.199997,122.349998,118.537079,393312,0.000000,0.000000
2025-10-16,122.250000,123.150002,120.500000,122.550003,118.730850,368787,0.000000,0.000000
2025-10-17,120.900002,122.199997,119.699997,121.699997,117.907333,299242,0.000000,0.000000
2025-10-20,122.949997,123.550003,121.349998,123.400002,119.554359,230183,0.000000,0.000000
2025-10-21,123.900002,130.500000,123.550003,130.050003,125.997116,525070,0.000000,0.000000
2025-10-22,129.500000,129.800003,127.250000,128.949997,124.931396,295021,0.000000,0.000000
2025-10-23,128.600006,129.600006,126.300003,126.500000,122.557747,373090,0.000000,0.000000
2025-10-24,128.149994,129.449997,126.849998,127.099998,123.139046,293301,0.000000,0.000000
2025-10-27,128.600006,129.949997,127.250000,128.149994,124.156319,526124,0.000000,0.000000
2025-10-28,138.699997,140.399994,129.500000,130.050003,125.997116,924197,0.000000,0.000000
2025-10-29,129.500000,135.550003,129.149994,132.600006,128.467651,526543,0.000000,0.000000
2025-10-30,132.800003,134.250000,129.699997,130.500000,126.433090,352711,0.000000,0.000000
2025-10-31,129.750000,134.149994,129.649994,133.500000,129.339600,585190,0.000000,0.000000
2025-11-03,133.300003,133.850006,128.750000,129.699997,125.658020,464027,0.000000,0.000000
2025-11-04,128.949997,128.949997,126.599998,127.949997,123.962555,343304,0.000000,0.000000
2025-11-05,126.300003,130.149994,126.050003,128.300003,124.301659,329155,0.000000,0.000000
2025-11-06,127.599998,129.699997,124.250000,124.750000,120.862282,349357,0.000000,0.000000
2025-11-07,126.150002,126.300003,122.199997,123.349998,119.505913,331239,0.000000,0.000000
2025-11-10,125.750000,128.600006,124.699997,128.449997,124.446976,452199,0.000000,0.000000
2025-11-11,128.449997,131.649994,128.000000,131.649994,127.547249,398738,0.000000,0.000000
2025-11-12,131.750000,137.149994,130.850006,134.899994,130.695969,519759,0.000000,0.000000
2025-11-13,135.300003,137.000000,134.300003,134.649994,130.453751,374580,0.000000,0.000000
2025-11-14,133.300003,134.350006,131.800003,133.500000,129.339600,439650,0.000000,0.000000
2025-11-17,133.149994,133.800003,131.300003,131.699997,127.595688,244966,0.000000,0.000000
2025-11-18,130.399994,130.500000,127.150002,127.500000,123.526581,507153,0.000000,0.000000
2025-11-19,127.949997,128.449997,126.250000,127.449997,123.478142,294218,0.000000,0.000000
2025-11-20,129.050003,129.850006,126.900002,127.050003,123.090607,305156,0.000000,0.000000
2025-11-21,124.550003,131.550003,124.400002,131.500000,127.401924,476630,0.000000,0.000000
2025-11-24,132.699997,136.300003,132.250000,133.199997,129.048950,993259,0.000000,0.000000
2025-11-25,133.000000,133.550003,130.199997,133.300003,129.145828,324325,0.000000,0.000000
2025-11-26,134.000000,134.300003,131.899994,132.899994,128.758286,263317,0.000000,0.000000
2025-11-27,132.399994,134.949997,132.100006,133.850006,129.678696,163862,0.000000,0.000000
2025-11-28,133.750000,134.800003,132.649994,134.800003,130.599091,353004,0.000000,0.000000
2025-12-01,134.600006,137.500000,133.100006,136.300003,132.052338,391075,0.000000,0.000000
2025-12-02,137.500000,138.800003,136.250000,137.750000,133.457153,428246,0.000000,0.000000
2025-12-03,137.350006,138.699997,134.500000,137.000000,132.730530,451864,0.000000,0.000000
2025-12-04,137.149994,144.899994,137.000000,142.699997,138.252884,731977,0.000000,0.000000
2025-12-05,143.350006,145.300003,142.000000,144.500000,139.996796,460316,0.000000,0.000000
2025-12-08,144.000000,146.149994,142.949997,145.100006,140.578110,571344,0.000000,0.000000
2025-12-09,145.300003,148.350006,145.300003,147.199997,142.612656,613247,0.000000,0.000000
2025-12-10,146.399994,147.250000,145.449997,146.100006,141.546936,356942,0.000000,0.000000
2025-12-11,145.500000,153.050003,144.949997,151.850006,147.117752,734193,0.000000,0.000000
2025-12-12,152.000000,152.399994,147.600006,147.600006,143.000198,592804,0.000000,0.000000
2025-12-15,147.800003,150.800003,147.800003,148.699997,144.065903,396268,0.000000,0.000000
2025-12-16,148.500000,150.800003,147.350006,147.699997,143.097061,333847,0.000000,0.000000
2025-12-17,146.949997,147.850006,144.399994,147.850006,143.242401,382112,0.000000,0.000000
2025-12-18,147.300003,149.449997,145.600006,147.449997,142.854858,631369,0.000000,0.000000
2025-12-19,147.300003,147.449997,144.949997,145.600006,141.062515,794569,0.000000,0.000000
2025-12-22,145.550003,145.800003,144.199997,144.449997,139.948349,177202,0.000000,0.000000
2025-12-23,144.050003,144.100006,141.399994,141.399994,136.993393,321720,0.000000,0.000000
2025-12-24,141.399994,142.000000,140.600006,141.649994,137.235611,80977,0.000000,0.000000
2025-12-29,141.600006,142.800003,141.050003,142.500000,138.059128,280521,0.000000,0.000000
2025-12-30,142.699997,143.199997,141.800003,143.100006,138.640427,152969,0.000000,0.000000
2025-12-31,141.800003,142.250000,141.250000,142.250000,137.816910,135897,0.000000,0.000000
2026-01-02,141.800003,144.350006,139.500000,140.750000,136.363663,278740,0.000000,0.000000
2026-01-05,140.250000,144.050003,140.100006,143.850006,139.367050,302157,0.000000,0.000000
2026-01-06,142.949997,144.149994,138.649994,143.199997,138.737305,342162,0.000000,0.000000
2026-01-07,145.399994,147.350006,143.949997,147.100006,142.515778,370423,0.000000,0.000000
2026-01-08,146.000000,147.550003,144.500000,147.449997,142.854858,266707,0.000000,0.000000
2026-01-09,148.000000,152.750000,147.750000,150.850006,146.148911,369686,0.000000,0.000000
2026-01-12,144.500000,146.800003,142.649994,144.449997,139.948349,537914,0.000000,0.000000
2026-01-13,144.199997,147.699997,142.350006,146.899994,142.321991,347601,0.000000,0.000000
2026-01-14,145.699997,149.100006,144.250000,147.600006,143.000198,444501,0.000000,0.000000
2026-01-15,148.899994,148.899994,143.449997,143.449997,138.979507,452173,0.000000,0.000000
2026-01-16,143.100006,144.100006,141.300003,141.600006,137.187180,343218,0.000000,0.000000
2026-01-19,138.649994,139.550003,136.350006,137.100006,132.827408,295490,0.000000,0.000000
2026-01-20,135.949997,136.899994,131.300003,133.300003,129.145828,410549,0.000000,0.000000
2026-01-21,133.949997,134.500000,131.149994,133.550003,129.388046,543592,0.000000,0.000000
2026-01-22,135.550003,137.500000,134.600006,136.000000,131.761688,411957,0.000000,0.000000
2026-01-23,135.949997,136.350006,134.600006,136.350006,132.100784,327157,0.000000,0.000000
2026-01-26,136.350006,137.250000,134.500000,136.399994,132.149216,297868,0.000000,0.000000
2026-01-27,136.399994,136.750000,131.850006,134.149994,129.969330,481145,0.000000,0.000000
2026-01-28,134.149994,134.399994,129.500000,131.500000,127.401924,476262,0.000000,0.000000
2026-01-29,131.500000,132.350006,127.550003,127.849998,123.865677,580459,0.000000,0.000000
2026-01-30,128.300003,132.399994,128.300003,131.199997,127.111275,554446,0.000000,0.000000
2026-02-02,132.000000,134.750000,131.949997,134.300003,130.114670,275879,0.000000,0.000000
2026-02-03,134.949997,134.949997,121.949997,121.949997,118.149544,1141717,0.000000,0.000000
2026-02-04,123.250000,123.500000,115.849998,119.099998,115.388359,1055505,0.000000,0.000000
2026-02-05,120.199997,121.400002,116.750000,118.050003,114.371086,583137,0.000000,0.000000
2026-02-06,115.000000,115.900002,113.449997,115.400002,111.803673,859927,0.000000,0.000000
2026-02-09,116.000000,116.900002,112.400002,113.699997,110.156647,495323,0.000000,0.000000
2026-02-10,114.449997,116.099998,111.599998,113.599998,110.059761,849739,0.000000,0.000000
2026-02-11,111.500000,111.800003,104.300003,104.300003,101.049591,1223245,0.000000,0.000000
2026-02-12,105.050003,105.800003,99.739998,99.739998,96.631699,1326039,0.000000,0.000000
2026-02-13,104.500000,105.599998,99.919998,104.849998,101.582451,1562424,0.000000,0.000000
2026-02-16,106.449997,106.900002,101.400002,101.699997,98.530617,718491,0.000000,0.000000
2026-02-17,101.900002,105.050003,101.900002,103.699997,100.468285,642417,0.000000,0.000000
2026-02-18,103.449997,105.349998,100.449997,105.300003,102.018425,647678,0.000000,0.000000
2026-02-19,105.449997,107.699997,103.050003,103.949997,100.710495,728906,0.000000,0.000000
2026-02-20,104.000000,106.199997,103.150002,104.500000,101.243355,668197,0.000000,0.000000
2026-02-23,103.250000,105.650002,101.000000,101.900002,98.724388,735332,0.000000,0.000000
2026-02-24,99.279999,102.750000,98.720001,102.449997,99.257240,884072,0.000000,0.000000
2026-02-25,102.099998,103.550003,101.050003,101.250000,98.094643,885017,0.000000,0.000000
2026-02-26,102.150002,105.150002,101.150002,104.699997,101.437119,986401,0.000000,0.000000
2026-02-27,104.699997,107.250000,103.199997,106.949997,103.617004,1006852,0.000000,0.000000
2026-03-02,103.099998,106.750000,103.099998,103.849998,100.613609,846299,0.000000,0.000000
2026-03-03,103.300003,108.099998,102.500000,106.800003,103.471680,1391533,0.000000,0.000000
2026-03-04,108.150002,108.250000,103.699997,107.099998,103.762329,713166,0.000000,0.000000
2026-03-05,107.099998,110.150002,106.000000,109.650002,106.232864,721423,0.000000,0.000000
2026-03-06,110.449997,110.900002,108.300003,109.750000,106.329742,729790,0.000000,0.000000
2026-03-09,109.000000,109.550003,107.199997,107.949997,104.585838,741247,0.000000,0.000000
2026-03-10,109.099998,109.400002,104.349998,105.349998,102.066864,884333,0.000000,0.000000
2026-03-11,105.099998,108.849998,104.550003,107.500000,104.149864,704061,0.000000,0.000000
2026-03-12,107.000000,109.800003,106.300003,107.650002,104.295189,638894,0.000000,0.000000
2026-03-13,106.849998,109.900002,106.050003,107.800003,104.440521,459452,0.000000,0.000000
2026-03-16,107.449997,107.750000,104.250000,105.050003,101.776222,650372,0.000000,0.000000
2026-03-17,105.349998,106.199997,103.800003,105.050003,101.776222,521141,0.000000,0.000000
2026-03-18,105.000000,106.099998,104.000000,104.000000,100.758942,512179,0.000000,0.000000
2026-03-19,102.500000,103.750000,101.050003,101.099998,97.949310,912990,0.000000,0.000000
2026-03-20,101.949997,102.000000,97.059998,98.580002,95.507851,2087957,0.000000,0.000000
2026-03-23,97.279999,100.849998,97.059998,98.239998,95.178444,720199,0.000000,0.000000
2026-03-24,98.239998,98.820000,95.080002,96.360001,93.357033,677830,0.000000,0.000000
2026-03-25,97.480003,98.419998,95.639999,97.260002,94.228989,606202,0.000000,0.000000
2026-03-26,96.720001,98.059998,94.879997,96.199997,93.202019,618077,0.000000,0.000000
2026-03-27,96.800003,97.900002,95.379997,96.199997,93.202019,487422,0.000000,0.000000
2026-03-30,96.019997,97.879997,95.080002,97.879997,94.829659,715504,0.000000,0.000000
2026-03-31,98.599998,101.750000,98.599998,100.500000,97.368011,732657,0.000000,0.000000
2026-04-01,103.099998,103.199997,99.339996,101.599998,98.433731,828945,0.000000,0.000000
2026-04-02,101.500000,103.199997,100.099998,102.849998,99.644775,743397,0.000000,0.000000
2026-04-07,103.699997,105.750000,101.599998,101.750000,98.579056,616582,0.000000,0.000000
2026-04-08,106.250000,107.449997,103.199997,103.199997,99.983864,892462,0.000000,0.000000
2026-04-09,102.449997,102.500000,96.459999,98.419998,95.352829,754661,0.000000,0.000000
2026-04-10,99.080002,101.750000,98.879997,100.300003,97.174248,787483,0.000000,0.000000
2026-04-13,99.000000,102.449997,98.199997,102.449997,99.257240,712319,0.000000,0.000000
2026-04-14,103.099998,105.099998,102.099998,104.699997,101.437119,433335,0.000000,0.000000
2026-04-15,105.199997,106.349998,104.375000,106.300003,102.987267,379303,0.000000,0.000000
2026-04-16,106.699997,109.949997,106.250000,108.949997,105.554672,480784,0.000000,0.000000
2026-04-17,109.550003,112.400002,108.750000,110.599998,107.153252,779534,0.000000,0.000000
2026-04-20,108.800003,110.000000,108.050003,108.900002,105.506233,534757,0.000000,0.000000
2026-04-21,108.050003,111.000000,107.550003,109.500000,106.087540,557879,0.000000,0.000000
2026-04-22,109.199997,109.349998,106.150002,106.750000,103.423241,649997,0.000000,0.000000
2026-04-23,105.400002,105.550003,99.419998,100.650002,97.513336,1005427,0.000000,0.000000
2026-04-24,99.779999,101.250000,97.620003,99.099998,96.011642,549695,0.000000,0.000000
2026-04-27,99.540001,102.349998,99.400002,101.599998,98.433731,450076,0.000000,0.000000
2026-04-28,101.099998,101.550003,99.040001,99.279999,96.186035,495938,0.000000,0.000000
2026-04-29,99.860001,103.250000,99.839996,102.699997,99.499451,833833,0.000000,0.000000
2026-04-30,105.050003,107.050003,100.650002,103.000000,99.790100,1121521,0.000000,0.000000
2026-05-04,103.900002,106.099998,102.050003,106.099998,102.793495,625405,0.000000,0.000000
2026-05-05,106.000000,107.599998,103.750000,105.449997,102.163750,682442,0.000000,0.000000
2026-05-06,105.699997,109.150002,102.849998,104.949997,101.679329,1014378,0.000000,0.000000
2026-05-07,105.000000,106.099998,101.900002,104.900002,101.630890,1074830,0.000000,0.000000
2026-05-08,104.599998,105.000000,102.199997,103.449997,100.226074,452657,0.000000,0.000000
2026-05-11,103.500000,103.800003,101.250000,101.750000,98.579056,575469,0.000000,0.000000
2026-05-12,100.000000,100.349998,98.760002,99.199997,96.108521,587052,0.000000,0.000000
2026-05-13,98.800003,98.900002,96.480003,96.739998,93.725189,594110,0.000000,0.000000
2026-05-14,97.300003,97.839996,96.239998,96.699997,93.686432,605562,0.000000,0.000000
2026-05-15,96.320000,100.500000,95.760002,100.000000,96.883598,851649,0.000000,0.000000
2026-05-18,98.959999,101.300003,98.379997,100.900002,97.755547,643352,0.000000,0.000000
2026-05-19,100.849998,107.349998,100.800003,105.300003,102.018425,838375,0.000000,0.000000
2026-05-20,102.800003,103.800003,101.199997,101.900002,98.724388,643192,0.000000,0.000000
2026-05-21,102.300003,103.550003,101.400002,102.449997,99.257240,530243,0.000000,0.000000
2026-05-22,103.500000,104.900002,102.400002,103.099998,99.886986,417802,0.000000,0.000000
2026-05-25,104.199997,105.199997,104.000000,104.250000,101.001144,143725,0.000000,0.000000
2026-05-26,104.199997,104.550003,102.949997,104.300003,101.049591,685908,0.000000,0.000000
2026-05-27,104.150002,104.199997,99.160004,100.650002,97.513336,1126987,0.000000,0.000000
2026-05-28,100.099998,102.150002,98.239998,101.250000,98.094643,789397,0.000000,0.000000
2026-05-29,101.050003,102.650002,99.599998,101.949997,98.772820,1507017,0.000000,0.000000
2026-06-01,102.800003,109.099998,102.800003,109.099998,105.699997,1036466,0.000000,0.000000
2026-06-02,105.800003,108.050003,100.050003,100.800003,100.800003,845809,3.400000,0.000000
2026-06-03,101.050003,101.750000,97.639999,97.739998,97.739998,729665,0.000000,0.000000
2026-06-04,98.580002,105.099998,98.459999,104.199997,104.199997,821262,0.000000,0.000000
2026-06-05,103.599998,105.900002,101.800003,101.800003,101.800003,667185,0.000000,0.000000
2026-06-08,101.300003,102.949997,100.449997,102.400002,102.400002,474302,0.000000,0.000000
2026-06-09,101.849998,103.300003,100.500000,100.500000,100.500000,676369,0.000000,0.000000
2026-06-10,100.800003,101.449997,98.160004,99.599998,99.599998,553222,0.000000,0.000000
2026-06-11,97.720001,97.720001,93.739998,95.459999,95.459999,1153531,0.000000,0.000000
2026-06-12,95.720001,97.220001,94.959999,96.720001,96.720001,650691,0.000000,0.000000
2026-06-15,97.980003,100.000000,96.239998,96.459999,96.459999,737735,0.000000,0.000000
2026-06-16,96.400002,98.660004,96.059998,97.599998,97.599998,523875,0.000000,0.000000
2026-06-17,97.919998,98.940002,96.800003,97.660004,97.660004,621237,0.000000,0.000000
2026-06-18,97.000000,97.480003,86.199997,89.000000,89.000000,1976886,0.000000,0.000000
2026-06-19,89.099998,90.099998,88.059998,89.519997,89.519997,1172474,0.000000,0.000000
2026-06-22,89.639999,90.139999,87.419998,87.820000,87.820000,673644,0.000000,0.000000
2026-06-23,87.300003,91.320000,87.099998,88.660004,88.660004,817847,0.000000,0.000000
2026-06-24,88.919998,90.099998,87.660004,89.000000,89.000000,771372,0.000000,0.000000
2026-06-25,88.699997,89.800003,87.260002,88.500000,88.500000,560044,0.000000,0.000000
2026-06-26,88.360001,89.959999,86.540001,89.680000,89.680000,619776,0.000000,0.000000
2026-06-29,90.019997,90.940002,89.779999,90.540001,90.540001,556528,0.000000,0.000000
2026-06-30,90.220001,90.360001,86.720001,87.959999,87.959999,776020,0.000000,0.000000
2026-07-01,87.940002,90.720001,86.519997,90.720001,90.720001,679966,0.000000,0.000000
2026-07-02,90.559998,92.080002,89.519997,91.559998,91.559998,622427,0.000000,0.000000
2026-07-03,91.339996,92.160004,90.919998,91.900002,91.900002,428922,0.000000,0.000000
2026-07-06,91.900002,93.820000,91.440002,92.800003,92.800003,504868,0.000000,0.000000
2026-07-07,94.160004,95.300003,93.220001,93.820000,93.820000,876473,0.000000,0.000000
2026-07-08,93.400002,94.000000,90.279999,90.900002,90.900002,619969,0.000000,0.000000
2026-07-09,90.000000,90.180000,87.059998,89.000000,89.000000,951968,0.000000,0.000000
2026-07-10,89.400002,90.199997,88.639999,88.959999,88.959999,645984,0.000000,0.000000
2026-07-13,89.000000,92.040001,88.940002,91.620003,91.620003,505303,0.000000,0.000000
2026-07-14,91.180000,91.839996,86.599998,90.139999,90.139999,614687,0.000000,0.000000
2026-07-15,89.879997,94.199997,88.900002,92.919998,92.919998,492975,0.000000,0.000000
2026-07-16,93.680000,93.940002,90.239998,91.220001,91.220001,735357,0.000000,0.000000
2026-07-17,91.919998,93.879997,90.279999,91.320000,91.320000,634070,0.000000,0.000000
2026-07-20,92.000000,93.080002,89.879997,91.580002,91.580002,843877,0.000000,0.000000
2026-07-21,91.440002,91.519997,88.820000,90.019997,90.019997,838256,0.000000,0.000000
2026-07-22,89.980003,90.820000,88.120003,88.540001,88.540001,945151,0.000000,0.000000
2026-07-23,88.980003,89.800003,85.620003,86.059998,86.059998,726624,0.000000,0.000000
2026-07-24,86.180000,89.940002,86.180000,89.879997,89.879997,704436,0.000000,0.000000
2026-07-27,90.519997,95.980003,90.500000,95.120003,95.120003,726543,0.000000,0.000000
2026-07-28,96.199997,102.000000,95.940002,101.699997,101.699997,958542,0.000000,0.000000
2026-07-29,102.650002,107.849998,102.650002,107.099998,107.099998,1320549,0.000000,0.000000
2026-07-30,103.400002,108.750000,101.599998,102.000000,102.000000,1277569,0.000000,0.000000
2026-08-03,103.900002,109.800003,103.900002,107.199997,107.199997,943390,0.000000,0.000000
2026-08-04,106.449997,108.000000,105.949997,107.400002,107.400002,547432,0.000000,0.000000
2026-08-05,107.800003,110.250000,106.599998,109.000000,109.000000,729316,0.000000,0.000000
2026-08-06,109.400002,109.750000,106.400002,109.250000,109.250000,749740,0.000000,0.000000
2026-08-07,108.900002,111.849998,108.650002,109.250000,109.250000,498919,0.000000,0.000000
2026-08-10,110.000000,110.250000,106.650002,108.000000,108.000000,420051,0.000000,0.000000
2026-08-11,108.000000,110.650002,106.650002,109.500000,109.500000,268762,0.000000,0.000000
2026-08-12,108.599998,108.750000,105.349998,105.650002,105.650002,370850,0.000000,0.000000
2026-08-13,106.199997,107.650002,105.750000,106.000000,106.000000,354662,0.000000,0.000000
2026-08-14,107.900002,110.099998,107.300003,108.300003,108.300003,473996,0.000000,0.000000
2026-08-17,107.800003,107.949997,105.800003,106.150002,106.150002,262328,0.000000,0.000000
2026-08-18,106.050003,108.500000,104.650002,107.300003,107.300003,346782,0.000000,0.000000
2026-08-19,107.300003,110.349998,106.050003,110.349998,110.349998,387873,0.000000,0.000000
